55001,55003,-1.0
55001,55005,-1.0
55001,55007,-1.0
55001,55009,-1.0
55001,55011,-1.0
55001,55013,-1.0
55001,55015,-1.0
55001,55017,-1.0
55001,55019,-1.0
55001,55021,1.0
55001,55023,-1.0
55001,55025,-1.0
55001,55027,-1.0
55001,55029,-1.0
55001,55031,-1.0
55001,55033,-1.0
55001,55035,-1.0
55001,55037,-1.0
55001,55039,-1.0
55001,55041,-1.0
55001,55043,-1.0
55001,55045,-1.0
55001,55047,-1.0
55001,55049,-1.0
55001,55051,-1.0
55001,55053,-1.0
55001,55055,-1.0
55001,55057,1.0
55001,55059,-1.0
55001,55061,-1.0
55001,55063,-1.0
55001,55065,-1.0
55001,55067,-1.0
55001,55069,-1.0
55001,55071,-1.0
55001,55073,-1.0
55001,55075,-1.0
55001,55077,1.0
55001,55078,-1.0
55001,55079,-1.0
55001,55081,-1.0
55001,55083,-1.0
55001,55085,-1.0
55001,55087,-1.0
55001,55089,-1.0
55001,55091,-1.0
55001,55093,-1.0
55001,55095,-1.0
55001,55097,1.0
55001,55099,-1.0
55001,55101,-1.0
55001,55103,-1.0
55001,55105,-1.0
55001,55107,-1.0
55001,55109,-1.0
55001,55111,-1.0
55001,55113,-1.0
55001,55115,-1.0
55001,55117,-1.0
55001,55119,-1.0
55001,55121,-1.0
55001,55123,-1.0
55001,55125,-1.0
55001,55127,-1.0
55001,55129,-1.0
55001,55131,-1.0
55001,55133,-1.0
55001,55135,-1.0
55001,55137,1.0
55001,55139,-1.0
55001,55141,1.0
55003,55005,-1.0
55003,55007,1.0
55003,55009,-1.0
55003,55011,-1.0
55003,55013,-1.0
55003,55015,-1.0
55003,55017,-1.0
55003,55019,-1.0
55003,55021,-1.0
55003,55023,-1.0
55003,55025,-1.0
55003,55027,-1.0
55003,55029,-1.0
55003,55031,-1.0
55003,55033,-1.0
55003,55035,-1.0
55003,55037,-1.0
55003,55039,-1.0
55003,55041,-1.0
55003,55043,-1.0
55003,55045,-1.0
55003,55047,-1.0
55003,55049,-1.0
55003,55051,1.0
55003,55053,-1.0
55003,55055,-1.0
55003,55057,-1.0
55003,55059,-1.0
55003,55061,-1.0
55003,55063,-1.0
55003,55065,-1.0
55003,55067,-1.0
55003,55069,-1.0
55003,55071,-1.0
55003,55073,-1.0
55003,55075,-1.0
55003,55077,-1.0
55003,55078,-1.0
55003,55079,-1.0
55003,55081,-1.0
55003,55083,-1.0
55003,55085,-1.0
55003,55087,-1.0
55003,55089,-1.0
55003,55091,-1.0
55003,55093,-1.0
55003,55095,-1.0
55003,55097,-1.0
55003,55099,1.0
55003,55101,-1.0
55003,55103,-1.0
55003,55105,-1.0
55003,55107,-1.0
55003,55109,-1.0
55003,55111,-1.0
55003,55113,1.0
55003,55115,-1.0
55003,55117,-1.0
55003,55119,-1.0
55003,55121,-1.0
55003,55123,-1.0
55003,55125,-1.0
55003,55127,-1.0
55003,55129,-1.0
55003,55131,-1.0
55003,55133,-1.0
55003,55135,-1.0
55003,55137,-1.0
55003,55139,-1.0
55003,55141,-1.0
55005,55007,-1.0
55005,55009,-1.0
55005,55011,-1.0
55005,55013,1.0
55005,55015,-1.0
55005,55017,1.0
55005,55019,-1.0
55005,55021,-1.0
55005,55023,-1.0
55005,55025,-1.0
55005,55027,-1.0
55005,55029,-1.0
55005,55031,-1.0
55005,55033,1.0
55005,55035,-1.0
55005,55037,-1.0
55005,55039,-1.0
55005,55041,-1.0
55005,55043,-1.0
55005,55045,-1.0
55005,55047,-1.0
55005,55049,-1.0
55005,55051,-1.0
55005,55053,-1.0
55005,55055,-1.0
55005,55057,-1.0
55005,55059,-1.0
55005,55061,-1.0
55005,55063,-1.0
55005,55065,-1.0
55005,55067,-1.0
55005,55069,-1.0
55005,55071,-1.0
55005,55073,-1.0
55005,55075,-1.0
55005,55077,-1.0
55005,55078,-1.0
55005,55079,-1.0
55005,55081,-1.0
55005,55083,-1.0
55005,55085,-1.0
55005,55087,-1.0
55005,55089,-1.0
55005,55091,-1.0
55005,55093,-1.0
55005,55095,1.0
55005,55097,-1.0
55005,55099,-1.0
55005,55101,-1.0
55005,55103,-1.0
55005,55105,-1.0
55005,55107,1.0
55005,55109,-1.0
55005,55111,-1.0
55005,55113,-1.0
55005,55115,-1.0
55005,55117,-1.0
55005,55119,-1.0
55005,55121,-1.0
55005,55123,-1.0
55005,55125,-1.0
55005,55127,-1.0
55005,55129,1.0
55005,55131,-1.0
55005,55133,-1.0
55005,55135,-1.0
55005,55137,-1.0
55005,55139,-1.0
55005,55141,-1.0
55007,55009,-1.0
55007,55011,-1.0
55007,55013,-1.0
55007,55015,-1.0
55007,55017,-1.0
55007,55019,-1.0
55007,55021,-1.0
55007,55023,-1.0
55007,55025,-1.0
55007,55027,-1.0
55007,55029,-1.0
55007,55031,1.0
55007,55033,-1.0
55007,55035,-1.0
55007,55037,-1.0
55007,55039,-1.0
55007,55041,-1.0
55007,55043,-1.0
55007,55045,-1.0
55007,55047,-1.0
55007,55049,-1.0
55007,55051,-1.0
55007,55053,-1.0
55007,55055,-1.0
55007,55057,-1.0
55007,55059,-1.0
55007,55061,-1.0
55007,55063,-1.0
55007,55065,-1.0
55007,55067,-1.0
55007,55069,-1.0
55007,55071,-1.0
55007,55073,-1.0
55007,55075,-1.0
55007,55077,-1.0
55007,55078,-1.0
55007,55079,-1.0
55007,55081,-1.0
55007,55083,-1.0
55007,55085,-1.0
55007,55087,-1.0
55007,55089,-1.0
55007,55091,-1.0
55007,55093,-1.0
55007,55095,-1.0
55007,55097,-1.0
55007,55099,-1.0
55007,55101,-1.0
55007,55103,-1.0
55007,55105,-1.0
55007,55107,-1.0
55007,55109,-1.0
55007,55111,-1.0
55007,55113,1.0
55007,55115,-1.0
55007,55117,-1.0
55007,55119,-1.0
55007,55121,-1.0
55007,55123,-1.0
55007,55125,-1.0
55007,55127,-1.0
55007,55129,-1.0
55007,55131,-1.0
55007,55133,-1.0
55007,55135,-1.0
55007,55137,-1.0
55007,55139,-1.0
55007,55141,-1.0
55009,55011,-1.0
55009,55013,-1.0
55009,55015,1.0
55009,55017,-1.0
55009,55019,-1.0
55009,55021,-1.0
55009,55023,-1.0
55009,55025,-1.0
55009,55027,-1.0
55009,55029,-1.0
55009,55031,-1.0
55009,55033,-1.0
55009,55035,-1.0
55009,55037,-1.0
55009,55039,-1.0
55009,55041,-1.0
55009,55043,-1.0
55009,55045,-1.0
55009,55047,-1.0
55009,55049,-1.0
55009,55051,-1.0
55009,55053,-1.0
55009,55055,-1.0
55009,55057,-1.0
55009,55059,-1.0
55009,55061,1.0
55009,55063,-1.0
55009,55065,-1.0
55009,55067,-1.0
55009,55069,-1.0
55009,55071,1.0
55009,55073,-1.0
55009,55075,-1.0
55009,55077,-1.0
55009,55078,-1.0
55009,55079,-1.0
55009,55081,-1.0
55009,55083,1.0
55009,55085,-1.0
55009,55087,1.0
55009,55089,-1.0
55009,55091,-1.0
55009,55093,-1.0
55009,55095,-1.0
55009,55097,-1.0
55009,55099,-1.0
55009,55101,-1.0
55009,55103,-1.0
55009,55105,-1.0
55009,55107,-1.0
55009,55109,-1.0
55009,55111,-1.0
55009,55113,-1.0
55009,55115,1.0
55009,55117,-1.0
55009,55119,-1.0
55009,55121,-1.0
55009,55123,-1.0
55009,55125,-1.0
55009,55127,-1.0
55009,55129,-1.0
55009,55131,-1.0
55009,55133,-1.0
55009,55135,-1.0
55009,55137,-1.0
55009,55139,-1.0
55009,55141,-1.0
55011,55013,-1.0
55011,55015,-1.0
55011,55017,-1.0
55011,55019,-1.0
55011,55021,-1.0
55011,55023,-1.0
55011,55025,-1.0
55011,55027,-1.0
55011,55029,-1.0
55011,55031,-1.0
55011,55033,-1.0
55011,55035,1.0
55011,55037,-1.0
55011,55039,-1.0
55011,55041,-1.0
55011,55043,-1.0
55011,55045,-1.0
55011,55047,-1.0
55011,55049,-1.0
55011,55051,-1.0
55011,55053,-1.0
55011,55055,-1.0
55011,55057,-1.0
55011,55059,-1.0
55011,55061,-1.0
55011,55063,-1.0
55011,55065,-1.0
55011,55067,-1.0
55011,55069,-1.0
55011,55071,-1.0
55011,55073,-1.0
55011,55075,-1.0
55011,55077,-1.0
55011,55078,-1.0
55011,55079,-1.0
55011,55081,-1.0
55011,55083,-1.0
55011,55085,-1.0
55011,55087,-1.0
55011,55089,-1.0
55011,55091,1.0
55011,55093,-1.0
55011,55095,-1.0
55011,55097,-1.0
55011,55099,-1.0
55011,55101,-1.0
55011,55103,-1.0
55011,55105,-1.0
55011,55107,-1.0
55011,55109,-1.0
55011,55111,-1.0
55011,55113,-1.0
55011,55115,-1.0
55011,55117,-1.0
55011,55119,-1.0
55011,55121,1.0
55011,55123,-1.0
55011,55125,-1.0
55011,55127,-1.0
55011,55129,-1.0
55011,55131,-1.0
55011,55133,-1.0
55011,55135,-1.0
55011,55137,-1.0
55011,55139,-1.0
55011,55141,-1.0
55013,55015,-1.0
55013,55017,-1.0
55013,55019,-1.0
55013,55021,-1.0
55013,55023,-1.0
55013,55025,-1.0
55013,55027,-1.0
55013,55029,-1.0
55013,55031,1.0
55013,55033,-1.0
55013,55035,-1.0
55013,55037,-1.0
55013,55039,-1.0
55013,55041,-1.0
55013,55043,-1.0
55013,55045,-1.0
55013,55047,-1.0
55013,55049,-1.0
55013,55051,-1.0
55013,55053,-1.0
55013,55055,-1.0
55013,55057,-1.0
55013,55059,-1.0
55013,55061,-1.0
55013,55063,-1.0
55013,55065,-1.0
55013,55067,-1.0
55013,55069,-1.0
55013,55071,-1.0
55013,55073,-1.0
55013,55075,-1.0
55013,55077,-1.0
55013,55078,-1.0
55013,55079,-1.0
55013,55081,-1.0
55013,55083,-1.0
55013,55085,-1.0
55013,55087,-1.0
55013,55089,-1.0
55013,55091,-1.0
55013,55093,-1.0
55013,55095,1.0
55013,55097,-1.0
55013,55099,-1.0
55013,55101,-1.0
55013,55103,-1.0
55013,55105,-1.0
55013,55107,-1.0
55013,55109,-1.0
55013,55111,-1.0
55013,55113,-1.0
55013,55115,-1.0
55013,55117,-1.0
55013,55119,-1.0
55013,55121,-1.0
55013,55123,-1.0
55013,55125,-1.0
55013,55127,-1.0
55013,55129,1.0
55013,55131,-1.0
55013,55133,-1.0
55013,55135,-1.0
55013,55137,-1.0
55013,55139,-1.0
55013,55141,-1.0
55015,55017,-1.0
55015,55019,-1.0
55015,55021,-1.0
55015,55023,-1.0
55015,55025,-1.0
55015,55027,-1.0
55015,55029,-1.0
55015,55031,-1.0
55015,55033,-1.0
55015,55035,-1.0
55015,55037,-1.0
55015,55039,1.0
55015,55041,-1.0
55015,55043,-1.0
55015,55045,-1.0
55015,55047,-1.0
55015,55049,-1.0
55015,55051,-1.0
55015,55053,-1.0
55015,55055,-1.0
55015,55057,-1.0
55015,55059,-1.0
55015,55061,-1.0
55015,55063,-1.0
55015,55065,-1.0
55015,55067,-1.0
55015,55069,-1.0
55015,55071,1.0
55015,55073,-1.0
55015,55075,-1.0
55015,55077,-1.0
55015,55078,-1.0
55015,55079,-1.0
55015,55081,-1.0
55015,55083,-1.0
55015,55085,-1.0
55015,55087,1.0
55015,55089,-1.0
55015,55091,-1.0
55015,55093,-1.0
55015,55095,-1.0
55015,55097,-1.0
55015,55099,-1.0
55015,55101,-1.0
55015,55103,-1.0
55015,55105,-1.0
55015,55107,-1.0
55015,55109,-1.0
55015,55111,-1.0
55015,55113,-1.0
55015,55115,-1.0
55015,55117,1.0
55015,55119,-1.0
55015,55121,-1.0
55015,55123,-1.0
55015,55125,-1.0
55015,55127,-1.0
55015,55129,-1.0
55015,55131,-1.0
55015,55133,-1.0
55015,55135,-1.0
55015,55137,-1.0
55015,55139,1.0
55015,55141,-1.0
55017,55019,1.0
55017,55021,-1.0
55017,55023,-1.0
55017,55025,-1.0
55017,55027,-1.0
55017,55029,-1.0
55017,55031,-1.0
55017,55033,1.0
55017,55035,1.0
55017,55037,-1.0
55017,55039,-1.0
55017,55041,-1.0
55017,55043,-1.0
55017,55045,-1.0
55017,55047,-1.0
55017,55049,-1.0
55017,55051,-1.0
55017,55053,-1.0
55017,55055,-1.0
55017,55057,-1.0
55017,55059,-1.0
55017,55061,-1.0
55017,55063,-1.0
55017,55065,-1.0
55017,55067,-1.0
55017,55069,-1.0
55017,55071,-1.0
55017,55073,-1.0
55017,55075,-1.0
55017,55077,-1.0
55017,55078,-1.0
55017,55079,-1.0
55017,55081,-1.0
55017,55083,-1.0
55017,55085,-1.0
55017,55087,-1.0
55017,55089,-1.0
55017,55091,-1.0
55017,55093,-1.0
55017,55095,-1.0
55017,55097,-1.0
55017,55099,-1.0
55017,55101,-1.0
55017,55103,-1.0
55017,55105,-1.0
55017,55107,1.0
55017,55109,-1.0
55017,55111,-1.0
55017,55113,-1.0
55017,55115,-1.0
55017,55117,-1.0
55017,55119,1.0
55017,55121,-1.0
55017,55123,-1.0
55017,55125,-1.0
55017,55127,-1.0
55017,55129,-1.0
55017,55131,-1.0
55017,55133,-1.0
55017,55135,-1.0
55017,55137,-1.0
55017,55139,-1.0
55017,55141,-1.0
55019,55021,-1.0
55019,55023,-1.0
55019,55025,-1.0
55019,55027,-1.0
55019,55029,-1.0
55019,55031,-1.0
55019,55033,-1.0
55019,55035,1.0
55019,55037,-1.0
55019,55039,-1.0
55019,55041,-1.0
55019,55043,-1.0
55019,55045,-1.0
55019,55047,-1.0
55019,55049,-1.0
55019,55051,-1.0
55019,55053,1.0
55019,55055,-1.0
55019,55057,-1.0
55019,55059,-1.0
55019,55061,-1.0
55019,55063,-1.0
55019,55065,-1.0
55019,55067,-1.0
55019,55069,-1.0
55019,55071,-1.0
55019,55073,1.0
55019,55075,-1.0
55019,55077,-1.0
55019,55078,-1.0
55019,55079,-1.0
55019,55081,-1.0
55019,55083,-1.0
55019,55085,-1.0
55019,55087,-1.0
55019,55089,-1.0
55019,55091,-1.0
55019,55093,-1.0
55019,55095,-1.0
55019,55097,-1.0
55019,55099,-1.0
55019,55101,-1.0
55019,55103,-1.0
55019,55105,-1.0
55019,55107,-1.0
55019,55109,-1.0
55019,55111,-1.0
55019,55113,-1.0
55019,55115,-1.0
55019,55117,-1.0
55019,55119,1.0
55019,55121,-1.0
55019,55123,-1.0
55019,55125,-1.0
55019,55127,-1.0
55019,55129,-1.0
55019,55131,-1.0
55019,55133,-1.0
55019,55135,-1.0
55019,55137,-1.0
55019,55139,-1.0
55019,55141,1.0
55021,55023,-1.0
55021,55025,1.0
55021,55027,1.0
55021,55029,-1.0
55021,55031,-1.0
55021,55033,-1.0
55021,55035,-1.0
55021,55037,-1.0
55021,55039,-1.0
55021,55041,-1.0
55021,55043,-1.0
55021,55045,-1.0
55021,55047,1.0
55021,55049,-1.0
55021,55051,-1.0
55021,55053,-1.0
55021,55055,-1.0
55021,55057,-1.0
55021,55059,-1.0
55021,55061,-1.0
55021,55063,-1.0
55021,55065,-1.0
55021,55067,-1.0
55021,55069,-1.0
55021,55071,-1.0
55021,55073,-1.0
55021,55075,-1.0
55021,55077,1.0
55021,55078,-1.0
55021,55079,-1.0
55021,55081,-1.0
55021,55083,-1.0
55021,55085,-1.0
55021,55087,-1.0
55021,55089,-1.0
55021,55091,-1.0
55021,55093,-1.0
55021,55095,-1.0
55021,55097,-1.0
55021,55099,-1.0
55021,55101,-1.0
55021,55103,-1.0
55021,55105,-1.0
55021,55107,-1.0
55021,55109,-1.0
55021,55111,1.0
55021,55113,-1.0
55021,55115,-1.0
55021,55117,-1.0
55021,55119,-1.0
55021,55121,-1.0
55021,55123,-1.0
55021,55125,-1.0
55021,55127,-1.0
55021,55129,-1.0
55021,55131,-1.0
55021,55133,-1.0
55021,55135,-1.0
55021,55137,-1.0
55021,55139,-1.0
55021,55141,-1.0
55023,55025,-1.0
55023,55027,-1.0
55023,55029,-1.0
55023,55031,-1.0
55023,55033,-1.0
55023,55035,-1.0
55023,55037,-1.0
55023,55039,-1.0
55023,55041,-1.0
55023,55043,1.0
55023,55045,-1.0
55023,55047,-1.0
55023,55049,-1.0
55023,55051,-1.0
55023,55053,-1.0
55023,55055,-1.0
55023,55057,-1.0
55023,55059,-1.0
55023,55061,-1.0
55023,55063,-1.0
55023,55065,-1.0
55023,55067,-1.0
55023,55069,-1.0
55023,55071,-1.0
55023,55073,-1.0
55023,55075,-1.0
55023,55077,-1.0
55023,55078,-1.0
55023,55079,-1.0
55023,55081,-1.0
55023,55083,-1.0
55023,55085,-1.0
55023,55087,-1.0
55023,55089,-1.0
55023,55091,-1.0
55023,55093,-1.0
55023,55095,-1.0
55023,55097,-1.0
55023,55099,-1.0
55023,55101,-1.0
55023,55103,1.0
55023,55105,-1.0
55023,55107,-1.0
55023,55109,-1.0
55023,55111,-1.0
55023,55113,-1.0
55023,55115,-1.0
55023,55117,-1.0
55023,55119,-1.0
55023,55121,-1.0
55023,55123,1.0
55023,55125,-1.0
55023,55127,-1.0
55023,55129,-1.0
55023,55131,-1.0
55023,55133,-1.0
55023,55135,-1.0
55023,55137,-1.0
55023,55139,-1.0
55023,55141,-1.0
55025,55027,1.0
55025,55029,-1.0
55025,55031,-1.0
55025,55033,-1.0
55025,55035,-1.0
55025,55037,-1.0
55025,55039,-1.0
55025,55041,-1.0
55025,55043,-1.0
55025,55045,1.0
55025,55047,-1.0
55025,55049,1.0
55025,55051,-1.0
55025,55053,-1.0
55025,55055,1.0
55025,55057,-1.0
55025,55059,-1.0
55025,55061,-1.0
55025,55063,-1.0
55025,55065,-1.0
55025,55067,-1.0
55025,55069,-1.0
55025,55071,-1.0
55025,55073,-1.0
55025,55075,-1.0
55025,55077,-1.0
55025,55078,-1.0
55025,55079,-1.0
55025,55081,-1.0
55025,55083,-1.0
55025,55085,-1.0
55025,55087,-1.0
55025,55089,-1.0
55025,55091,-1.0
55025,55093,-1.0
55025,55095,-1.0
55025,55097,-1.0
55025,55099,-1.0
55025,55101,-1.0
55025,55103,-1.0
55025,55105,1.0
55025,55107,-1.0
55025,55109,-1.0
55025,55111,1.0
55025,55113,-1.0
55025,55115,-1.0
55025,55117,-1.0
55025,55119,-1.0
55025,55121,-1.0
55025,55123,-1.0
55025,55125,-1.0
55025,55127,-1.0
55025,55129,-1.0
55025,55131,-1.0
55025,55133,-1.0
55025,55135,-1.0
55025,55137,-1.0
55025,55139,-1.0
55025,55141,-1.0
55027,55029,-1.0
55027,55031,-1.0
55027,55033,-1.0
55027,55035,-1.0
55027,55037,-1.0
55027,55039,1.0
55027,55041,-1.0
55027,55043,-1.0
55027,55045,-1.0
55027,55047,1.0
55027,55049,-1.0
55027,55051,-1.0
55027,55053,-1.0
55027,55055,1.0
55027,55057,-1.0
55027,55059,-1.0
55027,55061,-1.0
55027,55063,-1.0
55027,55065,-1.0
55027,55067,-1.0
55027,55069,-1.0
55027,55071,-1.0
55027,55073,-1.0
55027,55075,-1.0
55027,55077,-1.0
55027,55078,-1.0
55027,55079,-1.0
55027,55081,-1.0
55027,55083,-1.0
55027,55085,-1.0
55027,55087,-1.0
55027,55089,-1.0
55027,55091,-1.0
55027,55093,-1.0
55027,55095,-1.0
55027,55097,-1.0
55027,55099,-1.0
55027,55101,-1.0
55027,55103,-1.0
55027,55105,-1.0
55027,55107,-1.0
55027,55109,-1.0
55027,55111,-1.0
55027,55113,-1.0
55027,55115,-1.0
55027,55117,-1.0
55027,55119,-1.0
55027,55121,-1.0
55027,55123,-1.0
55027,55125,-1.0
55027,55127,-1.0
55027,55129,-1.0
55027,55131,1.0
55027,55133,1.0
55027,55135,-1.0
55027,55137,-1.0
55027,55139,-1.0
55027,55141,-1.0
55029,55031,-1.0
55029,55033,-1.0
55029,55035,-1.0
55029,55037,-1.0
55029,55039,-1.0
55029,55041,-1.0
55029,55043,-1.0
55029,55045,-1.0
55029,55047,-1.0
55029,55049,-1.0
55029,55051,-1.0
55029,55053,-1.0
55029,55055,-1.0
55029,55057,-1.0
55029,55059,-1.0
55029,55061,1.0
55029,55063,-1.0
55029,55065,-1.0
55029,55067,-1.0
55029,55069,-1.0
55029,55071,-1.0
55029,55073,-1.0
55029,55075,-1.0
55029,55077,-1.0
55029,55078,-1.0
55029,55079,-1.0
55029,55081,-1.0
55029,55083,-1.0
55029,55085,-1.0
55029,55087,-1.0
55029,55089,-1.0
55029,55091,-1.0
55029,55093,-1.0
55029,55095,-1.0
55029,55097,-1.0
55029,55099,-1.0
55029,55101,-1.0
55029,55103,-1.0
55029,55105,-1.0
55029,55107,-1.0
55029,55109,-1.0
55029,55111,-1.0
55029,55113,-1.0
55029,55115,-1.0
55029,55117,-1.0
55029,55119,-1.0
55029,55121,-1.0
55029,55123,-1.0
55029,55125,-1.0
55029,55127,-1.0
55029,55129,-1.0
55029,55131,-1.0
55029,55133,-1.0
55029,55135,-1.0
55029,55137,-1.0
55029,55139,-1.0
55029,55141,-1.0
55031,55033,-1.0
55031,55035,-1.0
55031,55037,-1.0
55031,55039,-1.0
55031,55041,-1.0
55031,55043,-1.0
55031,55045,-1.0
55031,55047,-1.0
55031,55049,-1.0
55031,55051,-1.0
55031,55053,-1.0
55031,55055,-1.0
55031,55057,-1.0
55031,55059,-1.0
55031,55061,-1.0
55031,55063,-1.0
55031,55065,-1.0
55031,55067,-1.0
55031,55069,-1.0
55031,55071,-1.0
55031,55073,-1.0
55031,55075,-1.0
55031,55077,-1.0
55031,55078,-1.0
55031,55079,-1.0
55031,55081,-1.0
55031,55083,-1.0
55031,55085,-1.0
55031,55087,-1.0
55031,55089,-1.0
55031,55091,-1.0
55031,55093,-1.0
55031,55095,-1.0
55031,55097,-1.0
55031,55099,-1.0
55031,55101,-1.0
55031,55103,-1.0
55031,55105,-1.0
55031,55107,-1.0
55031,55109,-1.0
55031,55111,-1.0
55031,55113,-1.0
55031,55115,-1.0
55031,55117,-1.0
55031,55119,-1.0
55031,55121,-1.0
55031,55123,-1.0
55031,55125,-1.0
55031,55127,-1.0
55031,55129,1.0
55031,55131,-1.0
55031,55133,-1.0
55031,55135,-1.0
55031,55137,-1.0
55031,55139,-1.0
55031,55141,-1.0
55033,55035,1.0
55033,55037,-1.0
55033,55039,-1.0
55033,55041,-1.0
55033,55043,-1.0
55033,55045,-1.0
55033,55047,-1.0
55033,55049,-1.0
55033,55051,-1.0
55033,55053,-1.0
55033,55055,-1.0
55033,55057,-1.0
55033,55059,-1.0
55033,55061,-1.0
55033,55063,-1.0
55033,55065,-1.0
55033,55067,-1.0
55033,55069,-1.0
55033,55071,-1.0
55033,55073,-1.0
55033,55075,-1.0
55033,55077,-1.0
55033,55078,-1.0
55033,55079,-1.0
55033,55081,-1.0
55033,55083,-1.0
55033,55085,-1.0
55033,55087,-1.0
55033,55089,-1.0
55033,55091,1.0
55033,55093,1.0
55033,55095,-1.0
55033,55097,-1.0
55033,55099,-1.0
55033,55101,-1.0
55033,55103,-1.0
55033,55105,-1.0
55033,55107,-1.0
55033,55109,1.0
55033,55111,-1.0
55033,55113,-1.0
55033,55115,-1.0
55033,55117,-1.0
55033,55119,-1.0
55033,55121,-1.0
55033,55123,-1.0
55033,55125,-1.0
55033,55127,-1.0
55033,55129,-1.0
55033,55131,-1.0
55033,55133,-1.0
55033,55135,-1.0
55033,55137,-1.0
55033,55139,-1.0
55033,55141,-1.0
55035,55037,-1.0
55035,55039,-1.0
55035,55041,-1.0
55035,55043,-1.0
55035,55045,-1.0
55035,55047,-1.0
55035,55049,-1.0
55035,55051,-1.0
55035,55053,1.0
55035,55055,-1.0
55035,55057,-1.0
55035,55059,-1.0
55035,55061,-1.0
55035,55063,-1.0
55035,55065,-1.0
55035,55067,-1.0
55035,55069,-1.0
55035,55071,-1.0
55035,55073,-1.0
55035,55075,-1.0
55035,55077,-1.0
55035,55078,-1.0
55035,55079,-1.0
55035,55081,-1.0
55035,55083,-1.0
55035,55085,-1.0
55035,55087,-1.0
55035,55089,-1.0
55035,55091,1.0
55035,55093,-1.0
55035,55095,-1.0
55035,55097,-1.0
55035,55099,-1.0
55035,55101,-1.0
55035,55103,-1.0
55035,55105,-1.0
55035,55107,-1.0
55035,55109,-1.0
55035,55111,-1.0
55035,55113,-1.0
55035,55115,-1.0
55035,55117,-1.0
55035,55119,-1.0
55035,55121,1.0
55035,55123,-1.0
55035,55125,-1.0
55035,55127,-1.0
55035,55129,-1.0
55035,55131,-1.0
55035,55133,-1.0
55035,55135,-1.0
55035,55137,-1.0
55035,55139,-1.0
55035,55141,-1.0
55037,55039,-1.0
55037,55041,1.0
55037,55043,-1.0
55037,55045,-1.0
55037,55047,-1.0
55037,55049,-1.0
55037,55051,-1.0
55037,55053,-1.0
55037,55055,-1.0
55037,55057,-1.0
55037,55059,-1.0
55037,55061,-1.0
55037,55063,-1.0
55037,55065,-1.0
55037,55067,-1.0
55037,55069,-1.0
55037,55071,-1.0
55037,55073,-1.0
55037,55075,1.0
55037,55077,-1.0
55037,55078,-1.0
55037,55079,-1.0
55037,55081,-1.0
55037,55083,-1.0
55037,55085,-1.0
55037,55087,-1.0
55037,55089,-1.0
55037,55091,-1.0
55037,55093,-1.0
55037,55095,-1.0
55037,55097,-1.0
55037,55099,-1.0
55037,55101,-1.0
55037,55103,-1.0
55037,55105,-1.0
55037,55107,-1.0
55037,55109,-1.0
55037,55111,-1.0
55037,55113,-1.0
55037,55115,-1.0
55037,55117,-1.0
55037,55119,-1.0
55037,55121,-1.0
55037,55123,-1.0
55037,55125,-1.0
55037,55127,-1.0
55037,55129,-1.0
55037,55131,-1.0
55037,55133,-1.0
55037,55135,-1.0
55037,55137,-1.0
55037,55139,-1.0
55037,55141,-1.0
55039,55041,-1.0
55039,55043,-1.0
55039,55045,-1.0
55039,55047,1.0
55039,55049,-1.0
55039,55051,-1.0
55039,55053,-1.0
55039,55055,-1.0
55039,55057,-1.0
55039,55059,-1.0
55039,55061,-1.0
55039,55063,-1.0
55039,55065,-1.0
55039,55067,-1.0
55039,55069,-1.0
55039,55071,-1.0
55039,55073,-1.0
55039,55075,-1.0
55039,55077,-1.0
55039,55078,-1.0
55039,55079,-1.0
55039,55081,-1.0
55039,55083,-1.0
55039,55085,-1.0
55039,55087,-1.0
55039,55089,-1.0
55039,55091,-1.0
55039,55093,-1.0
55039,55095,-1.0
55039,55097,-1.0
55039,55099,-1.0
55039,55101,-1.0
55039,55103,-1.0
55039,55105,-1.0
55039,55107,-1.0
55039,55109,-1.0
55039,55111,-1.0
55039,55113,-1.0
55039,55115,-1.0
55039,55117,1.0
55039,55119,-1.0
55039,55121,-1.0
55039,55123,-1.0
55039,55125,-1.0
55039,55127,-1.0
55039,55129,-1.0
55039,55131,1.0
55039,55133,-1.0
55039,55135,-1.0
55039,55137,-1.0
55039,55139,1.0
55039,55141,-1.0
55041,55043,-1.0
55041,55045,-1.0
55041,55047,-1.0
55041,55049,-1.0
55041,55051,-1.0
55041,55053,-1.0
55041,55055,-1.0
55041,55057,-1.0
55041,55059,-1.0
55041,55061,-1.0
55041,55063,-1.0
55041,55065,-1.0
55041,55067,1.0
55041,55069,-1.0
55041,55071,-1.0
55041,55073,-1.0
55041,55075,1.0
55041,55077,-1.0
55041,55078,-1.0
55041,55079,-1.0
55041,55081,-1.0
55041,55083,1.0
55041,55085,1.0
55041,55087,-1.0
55041,55089,-1.0
55041,55091,-1.0
55041,55093,-1.0
55041,55095,-1.0
55041,55097,-1.0
55041,55099,-1.0
55041,55101,-1.0
55041,55103,-1.0
55041,55105,-1.0
55041,55107,-1.0
55041,55109,-1.0
55041,55111,-1.0
55041,55113,-1.0
55041,55115,-1.0
55041,55117,-1.0
55041,55119,-1.0
55041,55121,-1.0
55041,55123,-1.0
55041,55125,1.0
55041,55127,-1.0
55041,55129,-1.0
55041,55131,-1.0
55041,55133,-1.0
55041,55135,-1.0
55041,55137,-1.0
55041,55139,-1.0
55041,55141,-1.0
55043,55045,-1.0
55043,55047,-1.0
55043,55049,1.0
55043,55051,-1.0
55043,55053,-1.0
55043,55055,-1.0
55043,55057,-1.0
55043,55059,-1.0
55043,55061,-1.0
55043,55063,-1.0
55043,55065,1.0
55043,55067,-1.0
55043,55069,-1.0
55043,55071,-1.0
55043,55073,-1.0
55043,55075,-1.0
55043,55077,-1.0
55043,55078,-1.0
55043,55079,-1.0
55043,55081,-1.0
55043,55083,-1.0
55043,55085,-1.0
55043,55087,-1.0
55043,55089,-1.0
55043,55091,-1.0
55043,55093,-1.0
55043,55095,-1.0
55043,55097,-1.0
55043,55099,-1.0
55043,55101,-1.0
55043,55103,1.0
55043,55105,-1.0
55043,55107,-1.0
55043,55109,-1.0
55043,55111,-1.0
55043,55113,-1.0
55043,55115,-1.0
55043,55117,-1.0
55043,55119,-1.0
55043,55121,-1.0
55043,55123,-1.0
55043,55125,-1.0
55043,55127,-1.0
55043,55129,-1.0
55043,55131,-1.0
55043,55133,-1.0
55043,55135,-1.0
55043,55137,-1.0
55043,55139,-1.0
55043,55141,-1.0
55045,55047,-1.0
55045,55049,1.0
55045,55051,-1.0
55045,55053,-1.0
55045,55055,-1.0
55045,55057,-1.0
55045,55059,-1.0
55045,55061,-1.0
55045,55063,-1.0
55045,55065,1.0
55045,55067,-1.0
55045,55069,-1.0
55045,55071,-1.0
55045,55073,-1.0
55045,55075,-1.0
55045,55077,-1.0
55045,55078,-1.0
55045,55079,-1.0
55045,55081,-1.0
55045,55083,-1.0
55045,55085,-1.0
55045,55087,-1.0
55045,55089,-1.0
55045,55091,-1.0
55045,55093,-1.0
55045,55095,-1.0
55045,55097,-1.0
55045,55099,-1.0
55045,55101,-1.0
55045,55103,-1.0
55045,55105,1.0
55045,55107,-1.0
55045,55109,-1.0
55045,55111,-1.0
55045,55113,-1.0
55045,55115,-1.0
55045,55117,-1.0
55045,55119,-1.0
55045,55121,-1.0
55045,55123,-1.0
55045,55125,-1.0
55045,55127,-1.0
55045,55129,-1.0
55045,55131,-1.0
55045,55133,-1.0
55045,55135,-1.0
55045,55137,-1.0
55045,55139,-1.0
55045,55141,-1.0
55047,55049,-1.0
55047,55051,-1.0
55047,55053,-1.0
55047,55055,-1.0
55047,55057,-1.0
55047,55059,-1.0
55047,55061,-1.0
55047,55063,-1.0
55047,55065,-1.0
55047,55067,-1.0
55047,55069,-1.0
55047,55071,-1.0
55047,55073,-1.0
55047,55075,-1.0
55047,55077,1.0
55047,55078,-1.0
55047,55079,-1.0
55047,55081,-1.0
55047,55083,-1.0
55047,55085,-1.0
55047,55087,-1.0
55047,55089,-1.0
55047,55091,-1.0
55047,55093,-1.0
55047,55095,-1.0
55047,55097,-1.0
55047,55099,-1.0
55047,55101,-1.0
55047,55103,-1.0
55047,55105,-1.0
55047,55107,-1.0
55047,55109,-1.0
55047,55111,-1.0
55047,55113,-1.0
55047,55115,-1.0
55047,55117,-1.0
55047,55119,-1.0
55047,55121,-1.0
55047,55123,-1.0
55047,55125,-1.0
55047,55127,-1.0
55047,55129,-1.0
55047,55131,-1.0
55047,55133,-1.0
55047,55135,-1.0
55047,55137,1.0
55047,55139,1.0
55047,55141,-1.0
55049,55051,-1.0
55049,55053,-1.0
55049,55055,-1.0
55049,55057,-1.0
55049,55059,-1.0
55049,55061,-1.0
55049,55063,-1.0
55049,55065,1.0
55049,55067,-1.0
55049,55069,-1.0
55049,55071,-1.0
55049,55073,-1.0
55049,55075,-1.0
55049,55077,-1.0
55049,55078,-1.0
55049,55079,-1.0
55049,55081,-1.0
55049,55083,-1.0
55049,55085,-1.0
55049,55087,-1.0
55049,55089,-1.0
55049,55091,-1.0
55049,55093,-1.0
55049,55095,-1.0
55049,55097,-1.0
55049,55099,-1.0
55049,55101,-1.0
55049,55103,1.0
55049,55105,-1.0
55049,55107,-1.0
55049,55109,-1.0
55049,55111,1.0
55049,55113,-1.0
55049,55115,-1.0
55049,55117,-1.0
55049,55119,-1.0
55049,55121,-1.0
55049,55123,-1.0
55049,55125,-1.0
55049,55127,-1.0
55049,55129,-1.0
55049,55131,-1.0
55049,55133,-1.0
55049,55135,-1.0
55049,55137,-1.0
55049,55139,-1.0
55049,55141,-1.0
55051,55053,-1.0
55051,55055,-1.0
55051,55057,-1.0
55051,55059,-1.0
55051,55061,-1.0
55051,55063,-1.0
55051,55065,-1.0
55051,55067,-1.0
55051,55069,-1.0
55051,55071,-1.0
55051,55073,-1.0
55051,55075,-1.0
55051,55077,-1.0
55051,55078,-1.0
55051,55079,-1.0
55051,55081,-1.0
55051,55083,-1.0
55051,55085,-1.0
55051,55087,-1.0
55051,55089,-1.0
55051,55091,-1.0
55051,55093,-1.0
55051,55095,-1.0
55051,55097,-1.0
55051,55099,1.0
55051,55101,-1.0
55051,55103,-1.0
55051,55105,-1.0
55051,55107,-1.0
55051,55109,-1.0
55051,55111,-1.0
55051,55113,-1.0
55051,55115,-1.0
55051,55117,-1.0
55051,55119,-1.0
55051,55121,-1.0
55051,55123,-1.0
55051,55125,1.0
55051,55127,-1.0
55051,55129,-1.0
55051,55131,-1.0
55051,55133,-1.0
55051,55135,-1.0
55051,55137,-1.0
55051,55139,-1.0
55051,55141,-1.0
55053,55055,-1.0
55053,55057,1.0
55053,55059,-1.0
55053,55061,-1.0
55053,55063,1.0
55053,55065,-1.0
55053,55067,-1.0
55053,55069,-1.0
55053,55071,-1.0
55053,55073,-1.0
55053,55075,-1.0
55053,55077,-1.0
55053,55078,-1.0
55053,55079,-1.0
55053,55081,1.0
55053,55083,-1.0
55053,55085,-1.0
55053,55087,-1.0
55053,55089,-1.0
55053,55091,-1.0
55053,55093,-1.0
55053,55095,-1.0
55053,55097,-1.0
55053,55099,-1.0
55053,55101,-1.0
55053,55103,-1.0
55053,55105,-1.0
55053,55107,-1.0
55053,55109,-1.0
55053,55111,-1.0
55053,55113,-1.0
55053,55115,-1.0
55053,55117,-1.0
55053,55119,-1.0
55053,55121,1.0
55053,55123,-1.0
55053,55125,-1.0
55053,55127,-1.0
55053,55129,-1.0
55053,55131,-1.0
55053,55133,-1.0
55053,55135,-1.0
55053,55137,-1.0
55053,55139,-1.0
55053,55141,1.0
55055,55057,-1.0
55055,55059,-1.0
55055,55061,-1.0
55055,55063,-1.0
55055,55065,-1.0
55055,55067,-1.0
55055,55069,-1.0
55055,55071,-1.0
55055,55073,-1.0
55055,55075,-1.0
55055,55077,-1.0
55055,55078,-1.0
55055,55079,-1.0
55055,55081,-1.0
55055,55083,-1.0
55055,55085,-1.0
55055,55087,-1.0
55055,55089,-1.0
55055,55091,-1.0
55055,55093,-1.0
55055,55095,-1.0
55055,55097,-1.0
55055,55099,-1.0
55055,55101,-1.0
55055,55103,-1.0
55055,55105,1.0
55055,55107,-1.0
55055,55109,-1.0
55055,55111,-1.0
55055,55113,-1.0
55055,55115,-1.0
55055,55117,-1.0
55055,55119,-1.0
55055,55121,-1.0
55055,55123,-1.0
55055,55125,-1.0
55055,55127,1.0
55055,55129,-1.0
55055,55131,-1.0
55055,55133,1.0
55055,55135,-1.0
55055,55137,-1.0
55055,55139,-1.0
55055,55141,-1.0
55057,55059,-1.0
55057,55061,-1.0
55057,55063,-1.0
55057,55065,-1.0
55057,55067,-1.0
55057,55069,-1.0
55057,55071,-1.0
55057,55073,-1.0
55057,55075,-1.0
55057,55077,-1.0
55057,55078,-1.0
55057,55079,-1.0
55057,55081,1.0
55057,55083,-1.0
55057,55085,-1.0
55057,55087,-1.0
55057,55089,-1.0
55057,55091,-1.0
55057,55093,-1.0
55057,55095,-1.0
55057,55097,-1.0
55057,55099,-1.0
55057,55101,-1.0
55057,55103,-1.0
55057,55105,-1.0
55057,55107,-1.0
55057,55109,-1.0
55057,55111,1.0
55057,55113,-1.0
55057,55115,-1.0
55057,55117,-1.0
55057,55119,-1.0
55057,55121,-1.0
55057,55123,1.0
55057,55125,-1.0
55057,55127,-1.0
55057,55129,-1.0
55057,55131,-1.0
55057,55133,-1.0
55057,55135,-1.0
55057,55137,-1.0
55057,55139,-1.0
55057,55141,1.0
55059,55061,-1.0
55059,55063,-1.0
55059,55065,-1.0
55059,55067,-1.0
55059,55069,-1.0
55059,55071,-1.0
55059,55073,-1.0
55059,55075,-1.0
55059,55077,-1.0
55059,55078,-1.0
55059,55079,-1.0
55059,55081,-1.0
55059,55083,-1.0
55059,55085,-1.0
55059,55087,-1.0
55059,55089,-1.0
55059,55091,-1.0
55059,55093,-1.0
55059,55095,-1.0
55059,55097,-1.0
55059,55099,-1.0
55059,55101,1.0
55059,55103,-1.0
55059,55105,-1.0
55059,55107,-1.0
55059,55109,-1.0
55059,55111,-1.0
55059,55113,-1.0
55059,55115,-1.0
55059,55117,-1.0
55059,55119,-1.0
55059,55121,-1.0
55059,55123,-1.0
55059,55125,-1.0
55059,55127,1.0
55059,55129,-1.0
55059,55131,-1.0
55059,55133,-1.0
55059,55135,-1.0
55059,55137,-1.0
55059,55139,-1.0
55059,55141,-1.0
55061,55063,-1.0
55061,55065,-1.0
55061,55067,-1.0
55061,55069,-1.0
55061,55071,1.0
55061,55073,-1.0
55061,55075,-1.0
55061,55077,-1.0
55061,55078,-1.0
55061,55079,-1.0
55061,55081,-1.0
55061,55083,-1.0
55061,55085,-1.0
55061,55087,-1.0
55061,55089,-1.0
55061,55091,-1.0
55061,55093,-1.0
55061,55095,-1.0
55061,55097,-1.0
55061,55099,-1.0
55061,55101,-1.0
55061,55103,-1.0
55061,55105,-1.0
55061,55107,-1.0
55061,55109,-1.0
55061,55111,-1.0
55061,55113,-1.0
55061,55115,-1.0
55061,55117,-1.0
55061,55119,-1.0
55061,55121,-1.0
55061,55123,-1.0
55061,55125,-1.0
55061,55127,-1.0
55061,55129,-1.0
55061,55131,-1.0
55061,55133,-1.0
55061,55135,-1.0
55061,55137,-1.0
55061,55139,-1.0
55061,55141,-1.0
55063,55065,-1.0
55063,55067,-1.0
55063,55069,-1.0
55063,55071,-1.0
55063,55073,-1.0
55063,55075,-1.0
55063,55077,-1.0
55063,55078,-1.0
55063,55079,-1.0
55063,55081,1.0
55063,55083,-1.0
55063,55085,-1.0
55063,55087,-1.0
55063,55089,-1.0
55063,55091,-1.0
55063,55093,-1.0
55063,55095,-1.0
55063,55097,-1.0
55063,55099,-1.0
55063,55101,-1.0
55063,55103,-1.0
55063,55105,-1.0
55063,55107,-1.0
55063,55109,-1.0
55063,55111,-1.0
55063,55113,-1.0
55063,55115,-1.0
55063,55117,-1.0
55063,55119,-1.0
55063,55121,1.0
55063,55123,1.0
55063,55125,-1.0
55063,55127,-1.0
55063,55129,-1.0
55063,55131,-1.0
55063,55133,-1.0
55063,55135,-1.0
55063,55137,-1.0
55063,55139,-1.0
55063,55141,-1.0
55065,55067,-1.0
55065,55069,-1.0
55065,55071,-1.0
55065,55073,-1.0
55065,55075,-1.0
55065,55077,-1.0
55065,55078,-1.0
55065,55079,-1.0
55065,55081,-1.0
55065,55083,-1.0
55065,55085,-1.0
55065,55087,-1.0
55065,55089,-1.0
55065,55091,-1.0
55065,55093,-1.0
55065,55095,-1.0
55065,55097,-1.0
55065,55099,-1.0
55065,55101,-1.0
55065,55103,-1.0
55065,55105,-1.0
55065,55107,-1.0
55065,55109,-1.0
55065,55111,-1.0
55065,55113,-1.0
55065,55115,-1.0
55065,55117,-1.0
55065,55119,-1.0
55065,55121,-1.0
55065,55123,-1.0
55065,55125,-1.0
55065,55127,-1.0
55065,55129,-1.0
55065,55131,-1.0
55065,55133,-1.0
55065,55135,-1.0
55065,55137,-1.0
55065,55139,-1.0
55065,55141,-1.0
55067,55069,1.0
55067,55071,-1.0
55067,55073,1.0
55067,55075,-1.0
55067,55077,-1.0
55067,55078,1.0
55067,55079,-1.0
55067,55081,-1.0
55067,55083,1.0
55067,55085,1.0
55067,55087,-1.0
55067,55089,-1.0
55067,55091,-1.0
55067,55093,-1.0
55067,55095,-1.0
55067,55097,-1.0
55067,55099,-1.0
55067,55101,-1.0
55067,55103,-1.0
55067,55105,-1.0
55067,55107,-1.0
55067,55109,-1.0
55067,55111,-1.0
55067,55113,-1.0
55067,55115,1.0
55067,55117,-1.0
55067,55119,-1.0
55067,55121,-1.0
55067,55123,-1.0
55067,55125,-1.0
55067,55127,-1.0
55067,55129,-1.0
55067,55131,-1.0
55067,55133,-1.0
55067,55135,-1.0
55067,55137,-1.0
55067,55139,-1.0
55067,55141,-1.0
55069,55071,-1.0
55069,55073,1.0
55069,55075,-1.0
55069,55077,-1.0
55069,55078,-1.0
55069,55079,-1.0
55069,55081,-1.0
55069,55083,-1.0
55069,55085,1.0
55069,55087,-1.0
55069,55089,-1.0
55069,55091,-1.0
55069,55093,-1.0
55069,55095,-1.0
55069,55097,-1.0
55069,55099,1.0
55069,55101,-1.0
55069,55103,-1.0
55069,55105,-1.0
55069,55107,-1.0
55069,55109,-1.0
55069,55111,-1.0
55069,55113,-1.0
55069,55115,-1.0
55069,55117,-1.0
55069,55119,1.0
55069,55121,-1.0
55069,55123,-1.0
55069,55125,-1.0
55069,55127,-1.0
55069,55129,-1.0
55069,55131,-1.0
55069,55133,-1.0
55069,55135,-1.0
55069,55137,-1.0
55069,55139,-1.0
55069,55141,-1.0
55071,55073,-1.0
55071,55075,-1.0
55071,55077,-1.0
55071,55078,-1.0
55071,55079,-1.0
55071,55081,-1.0
55071,55083,-1.0
55071,55085,-1.0
55071,55087,-1.0
55071,55089,-1.0
55071,55091,-1.0
55071,55093,-1.0
55071,55095,-1.0
55071,55097,-1.0
55071,55099,-1.0
55071,55101,-1.0
55071,55103,-1.0
55071,55105,-1.0
55071,55107,-1.0
55071,55109,-1.0
55071,55111,-1.0
55071,55113,-1.0
55071,55115,-1.0
55071,55117,1.0
55071,55119,-1.0
55071,55121,-1.0
55071,55123,-1.0
55071,55125,-1.0
55071,55127,-1.0
55071,55129,-1.0
55071,55131,-1.0
55071,55133,-1.0
55071,55135,-1.0
55071,55137,-1.0
55071,55139,-1.0
55071,55141,-1.0
55073,55075,-1.0
55073,55077,-1.0
55073,55078,-1.0
55073,55079,-1.0
55073,55081,-1.0
55073,55083,-1.0
55073,55085,-1.0
55073,55087,-1.0
55073,55089,-1.0
55073,55091,-1.0
55073,55093,-1.0
55073,55095,-1.0
55073,55097,1.0
55073,55099,-1.0
55073,55101,-1.0
55073,55103,-1.0
55073,55105,-1.0
55073,55107,-1.0
55073,55109,-1.0
55073,55111,-1.0
55073,55113,-1.0
55073,55115,1.0
55073,55117,-1.0
55073,55119,1.0
55073,55121,-1.0
55073,55123,-1.0
55073,55125,-1.0
55073,55127,-1.0
55073,55129,-1.0
55073,55131,-1.0
55073,55133,-1.0
55073,55135,-1.0
55073,55137,-1.0
55073,55139,-1.0
55073,55141,1.0
55075,55077,-1.0
55075,55078,-1.0
55075,55079,-1.0
55075,55081,-1.0
55075,55083,1.0
55075,55085,-1.0
55075,55087,-1.0
55075,55089,-1.0
55075,55091,-1.0
55075,55093,-1.0
55075,55095,-1.0
55075,55097,-1.0
55075,55099,-1.0
55075,55101,-1.0
55075,55103,-1.0
55075,55105,-1.0
55075,55107,-1.0
55075,55109,-1.0
55075,55111,-1.0
55075,55113,-1.0
55075,55115,-1.0
55075,55117,-1.0
55075,55119,-1.0
55075,55121,-1.0
55075,55123,-1.0
55075,55125,-1.0
55075,55127,-1.0
55075,55129,-1.0
55075,55131,-1.0
55075,55133,-1.0
55075,55135,-1.0
55075,55137,-1.0
55075,55139,-1.0
55075,55141,-1.0
55077,55078,-1.0
55077,55079,-1.0
55077,55081,-1.0
55077,55083,-1.0
55077,55085,-1.0
55077,55087,-1.0
55077,55089,-1.0
55077,55091,-1.0
55077,55093,-1.0
55077,55095,-1.0
55077,55097,-1.0
55077,55099,-1.0
55077,55101,-1.0
55077,55103,-1.0
55077,55105,-1.0
55077,55107,-1.0
55077,55109,-1.0
55077,55111,-1.0
55077,55113,-1.0
55077,55115,-1.0
55077,55117,-1.0
55077,55119,-1.0
55077,55121,-1.0
55077,55123,-1.0
55077,55125,-1.0
55077,55127,-1.0
55077,55129,-1.0
55077,55131,-1.0
55077,55133,-1.0
55077,55135,-1.0
55077,55137,1.0
55077,55139,-1.0
55077,55141,-1.0
55078,55079,-1.0
55078,55081,-1.0
55078,55083,1.0
55078,55085,-1.0
55078,55087,-1.0
55078,55089,-1.0
55078,55091,-1.0
55078,55093,-1.0
55078,55095,-1.0
55078,55097,-1.0
55078,55099,-1.0
55078,55101,-1.0
55078,55103,-1.0
55078,55105,-1.0
55078,55107,-1.0
55078,55109,-1.0
55078,55111,-1.0
55078,55113,-1.0
55078,55115,1.0
55078,55117,-1.0
55078,55119,-1.0
55078,55121,-1.0
55078,55123,-1.0
55078,55125,-1.0
55078,55127,-1.0
55078,55129,-1.0
55078,55131,-1.0
55078,55133,-1.0
55078,55135,-1.0
55078,55137,-1.0
55078,55139,-1.0
55078,55141,-1.0
55079,55081,-1.0
55079,55083,-1.0
55079,55085,-1.0
55079,55087,-1.0
55079,55089,1.0
55079,55091,-1.0
55079,55093,-1.0
55079,55095,-1.0
55079,55097,-1.0
55079,55099,-1.0
55079,55101,1.0
55079,55103,-1.0
55079,55105,-1.0
55079,55107,-1.0
55079,55109,-1.0
55079,55111,-1.0
55079,55113,-1.0
55079,55115,-1.0
55079,55117,-1.0
55079,55119,-1.0
55079,55121,-1.0
55079,55123,-1.0
55079,55125,-1.0
55079,55127,-1.0
55079,55129,-1.0
55079,55131,-1.0
55079,55133,1.0
55079,55135,-1.0
55079,55137,-1.0
55079,55139,-1.0
55079,55141,-1.0
55081,55083,-1.0
55081,55085,-1.0
55081,55087,-1.0
55081,55089,-1.0
55081,55091,-1.0
55081,55093,-1.0
55081,55095,-1.0
55081,55097,-1.0
55081,55099,-1.0
55081,55101,-1.0
55081,55103,-1.0
55081,55105,-1.0
55081,55107,-1.0
55081,55109,-1.0
55081,55111,-1.0
55081,55113,-1.0
55081,55115,-1.0
55081,55117,-1.0
55081,55119,-1.0
55081,55121,-1.0
55081,55123,1.0
55081,55125,-1.0
55081,55127,-1.0
55081,55129,-1.0
55081,55131,-1.0
55081,55133,-1.0
55081,55135,-1.0
55081,55137,-1.0
55081,55139,-1.0
55081,55141,-1.0
55083,55085,-1.0
55083,55087,-1.0
55083,55089,-1.0
55083,55091,-1.0
55083,55093,-1.0
55083,55095,-1.0
55083,55097,-1.0
55083,55099,-1.0
55083,55101,-1.0
55083,55103,-1.0
55083,55105,-1.0
55083,55107,-1.0
55083,55109,-1.0
55083,55111,-1.0
55083,55113,-1.0
55083,55115,1.0
55083,55117,-1.0
55083,55119,-1.0
55083,55121,-1.0
55083,55123,-1.0
55083,55125,-1.0
55083,55127,-1.0
55083,55129,-1.0
55083,55131,-1.0
55083,55133,-1.0
55083,55135,-1.0
55083,55137,-1.0
55083,55139,-1.0
55083,55141,-1.0
55085,55087,-1.0
55085,55089,-1.0
55085,55091,-1.0
55085,55093,-1.0
55085,55095,-1.0
55085,55097,-1.0
55085,55099,1.0
55085,55101,-1.0
55085,55103,-1.0
55085,55105,-1.0
55085,55107,-1.0
55085,55109,-1.0
55085,55111,-1.0
55085,55113,-1.0
55085,55115,-1.0
55085,55117,-1.0
55085,55119,-1.0
55085,55121,-1.0
55085,55123,-1.0
55085,55125,1.0
55085,55127,-1.0
55085,55129,-1.0
55085,55131,-1.0
55085,55133,-1.0
55085,55135,-1.0
55085,55137,-1.0
55085,55139,-1.0
55085,55141,-1.0
55087,55089,-1.0
55087,55091,-1.0
55087,55093,-1.0
55087,55095,-1.0
55087,55097,-1.0
55087,55099,-1.0
55087,55101,-1.0
55087,55103,-1.0
55087,55105,-1.0
55087,55107,-1.0
55087,55109,-1.0
55087,55111,-1.0
55087,55113,-1.0
55087,55115,1.0
55087,55117,-1.0
55087,55119,-1.0
55087,55121,-1.0
55087,55123,-1.0
55087,55125,-1.0
55087,55127,-1.0
55087,55129,-1.0
55087,55131,-1.0
55087,55133,-1.0
55087,55135,1.0
55087,55137,-1.0
55087,55139,1.0
55087,55141,-1.0
55089,55091,-1.0
55089,55093,-1.0
55089,55095,-1.0
55089,55097,-1.0
55089,55099,-1.0
55089,55101,-1.0
55089,55103,-1.0
55089,55105,-1.0
55089,55107,-1.0
55089,55109,-1.0
55089,55111,-1.0
55089,55113,-1.0
55089,55115,-1.0
55089,55117,1.0
55089,55119,-1.0
55089,55121,-1.0
55089,55123,-1.0
55089,55125,-1.0
55089,55127,-1.0
55089,55129,-1.0
55089,55131,1.0
55089,55133,-1.0
55089,55135,-1.0
55089,55137,-1.0
55089,55139,-1.0
55089,55141,-1.0
55091,55093,1.0
55091,55095,-1.0
55091,55097,-1.0
55091,55099,-1.0
55091,55101,-1.0
55091,55103,-1.0
55091,55105,-1.0
55091,55107,-1.0
55091,55109,-1.0
55091,55111,-1.0
55091,55113,-1.0
55091,55115,-1.0
55091,55117,-1.0
55091,55119,-1.0
55091,55121,-1.0
55091,55123,-1.0
55091,55125,-1.0
55091,55127,-1.0
55091,55129,-1.0
55091,55131,-1.0
55091,55133,-1.0
55091,55135,-1.0
55091,55137,-1.0
55091,55139,-1.0
55091,55141,-1.0
55093,55095,-1.0
55093,55097,-1.0
55093,55099,-1.0
55093,55101,-1.0
55093,55103,-1.0
55093,55105,-1.0
55093,55107,-1.0
55093,55109,1.0
55093,55111,-1.0
55093,55113,-1.0
55093,55115,-1.0
55093,55117,-1.0
55093,55119,-1.0
55093,55121,-1.0
55093,55123,-1.0
55093,55125,-1.0
55093,55127,-1.0
55093,55129,-1.0
55093,55131,-1.0
55093,55133,-1.0
55093,55135,-1.0
55093,55137,-1.0
55093,55139,-1.0
55093,55141,-1.0
55095,55097,-1.0
55095,55099,-1.0
55095,55101,-1.0
55095,55103,-1.0
55095,55105,-1.0
55095,55107,-1.0
55095,55109,1.0
55095,55111,-1.0
55095,55113,-1.0
55095,55115,-1.0
55095,55117,-1.0
55095,55119,-1.0
55095,55121,-1.0
55095,55123,-1.0
55095,55125,-1.0
55095,55127,-1.0
55095,55129,-1.0
55095,55131,-1.0
55095,55133,-1.0
55095,55135,-1.0
55095,55137,-1.0
55095,55139,-1.0
55095,55141,-1.0
55097,55099,-1.0
55097,55101,-1.0
55097,55103,-1.0
55097,55105,-1.0
55097,55107,-1.0
55097,55109,-1.0
55097,55111,-1.0
55097,55113,-1.0
55097,55115,-1.0
55097,55117,-1.0
55097,55119,-1.0
55097,55121,-1.0
55097,55123,-1.0
55097,55125,-1.0
55097,55127,-1.0
55097,55129,-1.0
55097,55131,-1.0
55097,55133,-1.0
55097,55135,1.0
55097,55137,1.0
55097,55139,-1.0
55097,55141,1.0
55099,55101,-1.0
55099,55103,-1.0
55099,55105,-1.0
55099,55107,1.0
55099,55109,-1.0
55099,55111,-1.0
55099,55113,1.0
55099,55115,-1.0
55099,55117,-1.0
55099,55119,1.0
55099,55121,-1.0
55099,55123,-1.0
55099,55125,1.0
55099,55127,-1.0
55099,55129,-1.0
55099,55131,-1.0
55099,55133,-1.0
55099,55135,-1.0
55099,55137,-1.0
55099,55139,-1.0
55099,55141,-1.0
55101,55103,-1.0
55101,55105,-1.0
55101,55107,-1.0
55101,55109,-1.0
55101,55111,-1.0
55101,55113,-1.0
55101,55115,-1.0
55101,55117,-1.0
55101,55119,-1.0
55101,55121,-1.0
55101,55123,-1.0
55101,55125,-1.0
55101,55127,1.0
55101,55129,-1.0
55101,55131,-1.0
55101,55133,1.0
55101,55135,-1.0
55101,55137,-1.0
55101,55139,-1.0
55101,55141,-1.0
55103,55105,-1.0
55103,55107,-1.0
55103,55109,-1.0
55103,55111,1.0
55103,55113,-1.0
55103,55115,-1.0
55103,55117,-1.0
55103,55119,-1.0
55103,55121,-1.0
55103,55123,1.0
55103,55125,-1.0
55103,55127,-1.0
55103,55129,-1.0
55103,55131,-1.0
55103,55133,-1.0
55103,55135,-1.0
55103,55137,-1.0
55103,55139,-1.0
55103,55141,-1.0
55105,55107,-1.0
55105,55109,-1.0
55105,55111,-1.0
55105,55113,-1.0
55105,55115,-1.0
55105,55117,-1.0
55105,55119,-1.0
55105,55121,-1.0
55105,55123,-1.0
55105,55125,-1.0
55105,55127,1.0
55105,55129,-1.0
55105,55131,-1.0
55105,55133,-1.0
55105,55135,-1.0
55105,55137,-1.0
55105,55139,-1.0
55105,55141,-1.0
55107,55109,-1.0
55107,55111,-1.0
55107,55113,1.0
55107,55115,-1.0
55107,55117,-1.0
55107,55119,1.0
55107,55121,-1.0
55107,55123,-1.0
55107,55125,-1.0
55107,55127,-1.0
55107,55129,-1.0
55107,55131,-1.0
55107,55133,-1.0
55107,55135,-1.0
55107,55137,-1.0
55107,55139,-1.0
55107,55141,-1.0
55109,55111,-1.0
55109,55113,-1.0
55109,55115,-1.0
55109,55117,-1.0
55109,55119,-1.0
55109,55121,-1.0
55109,55123,-1.0
55109,55125,-1.0
55109,55127,-1.0
55109,55129,-1.0
55109,55131,-1.0
55109,55133,-1.0
55109,55135,-1.0
55109,55137,-1.0
55109,55139,-1.0
55109,55141,-1.0
55111,55113,-1.0
55111,55115,-1.0
55111,55117,-1.0
55111,55119,-1.0
55111,55121,-1.0
55111,55123,1.0
55111,55125,-1.0
55111,55127,-1.0
55111,55129,-1.0
55111,55131,-1.0
55111,55133,-1.0
55111,55135,-1.0
55111,55137,-1.0
55111,55139,-1.0
55111,55141,-1.0
55113,55115,-1.0
55113,55117,-1.0
55113,55119,-1.0
55113,55121,-1.0
55113,55123,-1.0
55113,55125,-1.0
55113,55127,-1.0
55113,55129,1.0
55113,55131,-1.0
55113,55133,-1.0
55113,55135,-1.0
55113,55137,-1.0
55113,55139,-1.0
55113,55141,-1.0
55115,55117,-1.0
55115,55119,-1.0
55115,55121,-1.0
55115,55123,-1.0
55115,55125,-1.0
55115,55127,-1.0
55115,55129,-1.0
55115,55131,-1.0
55115,55133,-1.0
55115,55135,1.0
55115,55137,-1.0
55115,55139,-1.0
55115,55141,-1.0
55117,55119,-1.0
55117,55121,-1.0
55117,55123,-1.0
55117,55125,-1.0
55117,55127,-1.0
55117,55129,-1.0
55117,55131,1.0
55117,55133,-1.0
55117,55135,-1.0
55117,55137,-1.0
55117,55139,-1.0
55117,55141,-1.0
55119,55121,-1.0
55119,55123,-1.0
55119,55125,-1.0
55119,55127,-1.0
55119,55129,-1.0
55119,55131,-1.0
55119,55133,-1.0
55119,55135,-1.0
55119,55137,-1.0
55119,55139,-1.0
55119,55141,-1.0
55121,55123,-1.0
55121,55125,-1.0
55121,55127,-1.0
55121,55129,-1.0
55121,55131,-1.0
55121,55133,-1.0
55121,55135,-1.0
55121,55137,-1.0
55121,55139,-1.0
55121,55141,-1.0
55123,55125,-1.0
55123,55127,-1.0
55123,55129,-1.0
55123,55131,-1.0
55123,55133,-1.0
55123,55135,-1.0
55123,55137,-1.0
55123,55139,-1.0
55123,55141,-1.0
55125,55127,-1.0
55125,55129,-1.0
55125,55131,-1.0
55125,55133,-1.0
55125,55135,-1.0
55125,55137,-1.0
55125,55139,-1.0
55125,55141,-1.0
55127,55129,-1.0
55127,55131,-1.0
55127,55133,1.0
55127,55135,-1.0
55127,55137,-1.0
55127,55139,-1.0
55127,55141,-1.0
55129,55131,-1.0
55129,55133,-1.0
55129,55135,-1.0
55129,55137,-1.0
55129,55139,-1.0
55129,55141,-1.0
55131,55133,1.0
55131,55135,-1.0
55131,55137,-1.0
55131,55139,-1.0
55131,55141,-1.0
55133,55135,-1.0
55133,55137,-1.0
55133,55139,-1.0
55133,55141,-1.0
55135,55137,1.0
55135,55139,1.0
55135,55141,-1.0
55137,55139,1.0
55137,55141,-1.0
55139,55141,-1.0
