{
  "overwriteSheetOrder": {
    "input": ["prv_val", "effic", "prv_weight", "lablocdata", "centerlocdata", "centerdata", "runsize", "_widgets"]
  },
  "overwriteAliases": {
    "_scalars": {
      "newAlias": "Scalars"
    },
    "prv_weight": {
      "newAlias": "Importance of different prevalence to test"
    },
    "kitinl": {
      "newAlias": "Kits to test in labs l"
    },
    "_scalars_out": {
      "newAlias": "Output Scalars"
    },
    "prv_val": {
      "newAlias": "Prevalence setting"
    },
    "effic": {
      "newAlias": "Efficiency for different prevalences"
    },
    "lablocdata": {
      "newAlias": "Locations of labs"
    },
    "centerlocdata": {
      "newAlias": "Locations of centers"
    },
    "centerdata": {
      "newAlias": "Collection centers"
    },
    "runsize": {
      "newAlias": "Runsize at lab"
    },
    "allocate": {
      "newAlias": "Allocate strategy"
    },
    "operation": {
      "newAlias": "Operation in lab l (batch size)"
    },
    "unmet": {
      "newAlias": "Kits left in centers"
    }
  },
  "pivottable": {
    "bgColor": "transparent"
  },
  "theme": "browser",
  "defCompMode": "split",
  "roundingDecimals": 2,
  "activateModules": {
    "logFile": true,
    "lstFile": true,
    "loadLocal": true,
    "attachments": true,
    "downloadTempFiles": true
  },
  "autoGenInputGraphs": true,
  "aggregateWidgets": true,
  "storeLogFilesDuration": 7,
  "excelIncludeMeta": true,
  "excelIncludeEmptySheets": true,
  "saveTraceFile": true,
  "pageTitle": "Kits allocation model in Wisconsin using group testing",
  "dataRendering": {
    "allocate": {
      "outType": "allocate",
      "packages": ["leaflet", "leaflet.minicharts"]
    },
    "kitinl": {
      "outType": "kitsinl",
      "height": 700
    },
    "_scalars_out": {
      "outType": "valueBox",
      "options": {
        "width": 4,
        "color": "aqua"
      }
    },
    "unmet": {
      "outType": "unmet",
      "packages": "plotly"
    }
  },
  "inputWidgets": {
    "t": {
      "widgetType": "slider",
      "alias": "Maximal distance for transportation",
      "min": 0,
      "max": 400,
      "default": 199,
      "step": 10,
      "ticks": true,
      "noHcube": false
    },
    "effic": {
      "widgetType": "table",
      "alias": "Efficiency for different prevalences",
      "readonly": false,
      "heatmap": false,
      "bigData": false
    },
    "prv_val": {
      "widgetType": "table",
      "alias": "Prevalence setting",
      "readonly": false,
      "heatmap": false,
      "bigData": false
    }
  },
  "readme": {
    "tabTitle": "Covid 19 group testing",
    "filename": "Allocate.md",
    "enableMath": true
  },
  "datatable": {
    "class": "display",
    "filter": "none",
    "rownames": true,
    "options": {
      "pageLength": 15
    }
  },
  "defaultScenName": "Example",
  "handsontable": {
    "stretchH": "none",
    "readonly": false,
    "highlightCol": true,
    "highlightRow": true,
    "columnSorting": true,
    "manualColumnResize": true,
    "contextMenu": {
      "enabled": true,
      "allowRowEdit": true,
      "allowColEdit": true,
      "allowReadOnly": false
    },
    "height": 700,
    "colWidths": 150
  },
  "inputGroups": [
    {
      "name": "Prevalence",
      "members": ["prv_val", "effic", "prv_weight"]
    },
    {
      "name": "Lab information",
      "members": ["lablocdata", "runsize"]
    },
    {
      "name": "Center information",
      "members": ["centerlocdata", "centerdata"]
    }
  ],
  "outputGroups": [
    {
      "name": "Information for labs",
      "members": ["kitinl", "operation"]
    }
  ]
}
