{
	"modelTitle":	"G e n e r a l   A l g e b r a i c   M o d e l i n g   S y s t e m",
	"inputSymbols":	{
		"prv_val":	{
			"alias":	"Prevalence setting",
			"symtype":	"parameter",
			"headers":	{
				"prv":	{
					"type":	"string",
					"alias":	"prevalence"
				},
				"value":	{
					"type":	"numeric",
					"alias":	"Prevalence setting"
				}
			}
		},
		"effic":	{
			"alias":	"Efficiency for different prevalences",
			"symtype":	"parameter",
			"headers":	{
				"prv":	{
					"type":	"string",
					"alias":	"prevalence"
				},
				"value":	{
					"type":	"numeric",
					"alias":	"Efficiency for different prevalences"
				}
			}
		},
		"_scalars":	{
			"alias":	"Input Scalars",
			"symnames":	["t"],
			"symtext":	["Maximum distance for transportation"],
			"symtypes":	["parameter"],
			"headers":	{
				"scalar":	{
					"type":	"string",
					"alias":	"Scalar Name"
				},
				"description":	{
					"type":	"string",
					"alias":	"Scalar Description"
				},
				"value":	{
					"type":	"string",
					"alias":	"Scalar Value"
				}
			}
		},
		"prv_weight":	{
			"alias":	"Importance of different prevalence to test",
			"symtype":	"parameter",
			"headers":	{
				"prv":	{
					"type":	"string",
					"alias":	"prevalence"
				},
				"value":	{
					"type":	"numeric",
					"alias":	"Importance of different prevalence to test"
				}
			}
		},
		"lablocdata":	{
			"alias":	"Locations of labs",
			"symtype":	"parameter",
			"headers":	{
				"l":	{
					"type":	"string",
					"alias":	"Labs"
				},
				"x":	{
					"type":	"numeric",
					"alias":	"latitude"
				},
				"y":	{
					"type":	"numeric",
					"alias":	"longititude"
				}
			}
		},
		"centerlocdata":	{
			"alias":	"Locations of centers",
			"symtype":	"parameter",
			"headers":	{
				"c":	{
					"type":	"string",
					"alias":	"Centers"
				},
				"x":	{
					"type":	"numeric",
					"alias":	"latitude"
				},
				"y":	{
					"type":	"numeric",
					"alias":	"longititude"
				}
			}
		},
		"centerdata":	{
			"alias":	"Collection centers",
			"symtype":	"parameter",
			"headers":	{
				"c":	{
					"type":	"string",
					"alias":	"Centers"
				},
				"prv":	{
					"type":	"string",
					"alias":	"prevalence"
				},
				"value":	{
					"type":	"numeric",
					"alias":	"Collection centers"
				}
			}
		},
		"runsize":	{
			"alias":	"Runsize at lab",
			"symtype":	"parameter",
			"headers":	{
				"l":	{
					"type":	"string",
					"alias":	"Labs"
				},
				"value":	{
					"type":	"numeric",
					"alias":	"Runsize at lab"
				}
			}
		}
	},
	"outputSymbols":	{
		"allocate":	{
			"alias":	"Allocate strategy",
			"symtype":	"parameter",
			"headers":	{
				"c":	{
					"type":	"string",
					"alias":	"Centers"
				},
				"l":	{
					"type":	"string",
					"alias":	"Labs"
				},
				"prv":	{
					"type":	"string",
					"alias":	"prevalence"
				},
				"val":	{
					"type":	"numeric",
					"alias":	"the number of kits from c to l"
				},
				"latl":	{
					"type":	"numeric",
					"alias":	"latitude of labs"
				},
				"lonl":	{
					"type":	"numeric",
					"alias":	"longititude of labs"
				},
				"latc":	{
					"type":	"numeric",
					"alias":	"latitude of centers"
				},
				"lonc":	{
					"type":	"numeric",
					"alias":	"longitude of centers"
				}
			}
		},
		"kitinl":	{
			"alias":	"Kits to test in lab l",
			"symtype":	"parameter",
			"headers":	{
				"l":	{
					"type":	"string",
					"alias":	"Labs"
				},
				"prv":	{
					"type":	"string",
					"alias":	"prevalence"
				},
				"value":	{
					"type":	"numeric",
					"alias":	"Kits to test in lab l"
				}
			}
		},
		"operation":	{
			"alias":	"Operation in lab l (batch size)",
			"symtype":	"parameter",
			"headers":	{
				"l":	{
					"type":	"string",
					"alias":	"Labs"
				},
				"numofop":	{
					"type":	"string",
					"alias":	"Operation index"
				},
				"bs":	{
					"type":	"numeric",
					"alias":	"batchsize"
				},
				"rn":	{
					"type":	"numeric",
					"alias":	"round number"
				},
				"noto":	{
					"type":	"numeric",
					"alias":	"number of the operation"
				},
				"p":	{
					"type":	"numeric",
					"alias":	"prevalence"
				},
				"nb":	{
					"type":	"numeric",
					"alias":	"number of batches"
				},
				"ep":	{
					"type":	"numeric",
					"alias":	"extra position in this round"
				},
				"er":	{
					"type":	"numeric",
					"alias":	"extra round for single kits"
				}
			}
		},
		"unmet":	{
			"alias":	"Kits left in centers",
			"symtype":	"parameter",
			"headers":	{
				"c":	{
					"type":	"string",
					"alias":	"Centers"
				},
				"prv":	{
					"type":	"string",
					"alias":	"prevalence"
				},
				"value":	{
					"type":	"numeric",
					"alias":	"Kits left in centers"
				}
			}
		},
		"_scalars_out":	{
			"alias":	"Output Scalars",
			"symnames":	["alltest", "leftover", "pcplus"],
			"symtext":	["Number of people tested", "Number of samples tested with unknown result", "Percent of leftover/alltest"],
			"symtypes":	["parameter", "parameter", "parameter"],
			"headers":	{
				"scalar":	{
					"type":	"string",
					"alias":	"Scalar Name"
				},
				"description":	{
					"type":	"string",
					"alias":	"Scalar Description"
				},
				"value":	{
					"type":	"string",
					"alias":	"Scalar Value"
				}
			}
		}
	}
}